osmid,y,x
287630237,37.5399001,126.9427088
355129296,37.556104,126.8989548
355129297,37.556588,126.8986437
355129299,37.5580555,126.8985116
355129515,37.562023,126.9012636
355129518,37.5577629,126.9042761
355129675,37.561049,126.8988261
355129678,37.5544295,126.9024099
355129854,37.560349,126.8971983
355432281,37.5615274,126.9000431
355432282,37.5594226,126.9015425
355432430,37.5624188,126.9025772
355432431,37.5604973,126.9039408
355432933,37.5597262,126.8997581
355432934,37.5602525,126.9009518
355432935,37.5607875,126.9021359
355432936,37.5613309,126.9033413
355432938,37.5616779,126.9041125
355432939,37.5620328,126.9047326
355433088,37.5596089,126.8977362
355433089,37.560326,126.8993295
355433091,37.5613923,126.9017034
355433092,37.5619362,126.9029161
355798263,37.5608952,126.9048244
355798268,37.5578962,126.9075422
355798664,37.5588589,126.9051044
355798665,37.5583662,126.9054519
355798666,37.5580395,126.9055688
355798962,37.55836,126.9071179
355798964,37.5572013,126.901554
355798965,37.5569092,126.900164
355799509,37.5583454,126.8991477
355799510,37.5563945,126.9003339
355799678,37.5575064,126.8997436
355799975,37.5580496,126.9009559
355799976,37.5585737,126.9021402
355799977,37.5591114,126.9033223
355800480,37.5589939,126.9065419
355800597,37.5601909,126.9054568
355800598,37.5596562,126.9045384
356651268,37.56141,126.9059978
356653356,37.5557428,126.8972587
356653358,37.5557309,126.8970342
356653359,37.5556265,126.8970465
357763810,37.5590103,126.8981638
387153848,37.541651,126.932108
387153860,37.5372929,126.9407589
387154319,37.5468634,126.9089437
387154517,37.5468732,126.9075009
387154518,37.5474374,126.9082038
387154698,37.5462793,126.9082945
387154700,37.545984,126.9089581
387154705,37.5466456,126.9102429
387154712,37.5486222,126.9080712
387154717,37.5486902,126.9060418
387154858,37.554944,126.9052131
387154859,37.5543735,126.9024881
387154916,37.5560921,126.907328
387154918,37.5556186,126.9049914
387154920,37.5550473,126.9022579
387154947,37.5554673,126.9008586
387154950,37.5562777,126.9047718
387154951,37.5567892,126.907205
387154952,37.5562609,126.9087512
387154953,37.5556561,126.9095618
414683348,37.5733661,126.8989059
414685214,37.5455648,126.9319373
414685225,37.54663,126.94077
414685256,37.5500071,126.9329604
414685337,37.55806,126.9083222
414685342,37.5589415,126.912556
414685882,37.5677597,126.9159482
414685926,37.57303,126.88814
414685930,37.5741536,126.8865008
414685968,37.5774323,126.8808736
414685975,37.5782114,126.8905855
436393603,37.5624624,126.8990321
436393611,37.56586,126.89917
436393613,37.56627,126.89917
436393615,37.5662827,126.8983098
436689758,37.537501,126.9426057
436689812,37.5469777,126.9531787
436718632,37.5474613,126.9089141
436718644,37.5492423,126.913449
436718653,37.5513896,126.9165789
436718687,37.5550893,126.9369374
436718711,37.5573367,126.9561831
436760117,37.5345933,126.9441348
436760119,37.5348137,126.9437721
436760124,37.5416191,126.9376802
436760133,37.5445897,126.9241942
436776235,37.5760001,126.8883647
436794456,37.5425521,126.9341658
436804138,37.5445862,126.9549754
436805774,37.5498486,126.9384187
436805789,37.5499254,126.9358022
436825400,37.5546125,126.9571564
436825402,37.5548557,126.9563929
436825406,37.5555763,126.9558226
436825408,37.55658,126.95557
436825413,37.55711,126.956067
436828298,37.54697,126.9343
436828299,37.547408,126.9342999
436830144,37.56299,126.9038769
436830152,37.5653436,126.9015722
436830190,37.57631,126.88023
436830195,37.57407,126.88326
436830207,37.5694226,126.8805142
436835405,37.54344,126.937933
436835407,37.5440338,126.9384606
436835420,37.5478347,126.941883
436835433,37.5501069,126.9438697
436835466,37.5473932,126.9348588
436835481,37.5477321,126.924379
436835483,37.54776,126.92297
436835489,37.54793,126.91838
436835498,37.5487789,126.9141593
436836580,37.542379,126.9497409
436836581,37.5428065,126.948897
436837148,37.5568011,126.9217455
436837149,37.5569071,126.9218227
436837156,37.5573057,126.9224017
436837159,37.5580021,126.9230374
436837161,37.5583908,126.9233758
436837164,37.5588984,126.9235778
436837167,37.5591342,126.9236709
436837171,37.559929,126.9238143
436837204,37.55208,126.90491
436837307,37.5411524,126.9418467
436837321,37.5444742,126.9455378
436839854,37.5438864,126.9509133
436839855,37.544143,126.9525863
436839884,37.551397,126.962252
436840344,37.5572509,126.9044498
436840375,37.55939,126.91473
436840380,37.5602966,126.9162967
436840393,37.563195,126.9211606
436841463,37.5668729,126.9144338
436852812,37.5666957,126.9105263
436852821,37.5682757,126.9075863
436853379,37.5401231,126.9562071
436853385,37.5419382,126.9524304
436853386,37.5420385,126.951944
436853387,37.5421612,126.9513712
436853677,37.5491774,126.9392121
436853683,37.5497897,126.9385683
436853694,37.5531153,126.9372789
436853695,37.5542535,126.9371027
436853792,37.5589588,126.9174887
436853798,37.5625502,126.9142589
436853804,37.564798,126.9122311
436855641,37.5650796,126.9110608
436855646,37.565991,126.9141172
436855837,37.56919,126.91253
436855860,37.5654524,126.9013382
436859628,37.5422292,126.9284727
436859638,37.5526796,126.9332339
436862108,37.5600633,126.9237011
436862109,37.5610595,126.9228985
436862110,37.5624066,126.9218075
436862111,37.5643775,126.9202242
436862112,37.5651417,126.9195709
436862410,37.5609728,126.9266581
436864020,37.5507,126.92307
436864063,37.5559664,126.9309748
436869371,37.55172,126.91936
436869380,37.5538395,126.9168734
436869387,37.55582,126.91506
436874414,37.5444087,126.9300651
436874429,37.54525,126.93164
436874438,37.5474537,126.9325708
436874458,37.552574,126.9334062
436877190,37.5389541,126.9449114
436877194,37.5405574,126.9426905
436877199,37.5426171,126.9397802
436877204,37.5439508,126.9365649
436877205,37.5439563,126.9365589
436877207,37.5446847,126.9356269
436877209,37.5449974,126.9348705
436877210,37.5450991,126.9342705
436877211,37.5451474,126.9339705
436880518,37.5593391,126.9071541
445327391,37.5558234,126.9103257
445327414,37.5540412,126.911031
449464861,37.5708166,126.8824445
449464918,37.5664792,126.8894643
449468527,37.5627806,126.888022
449469095,37.5706772,126.8880665
449471230,37.5681765,126.8884766
449471589,37.5713817,126.8841425
449472636,37.5691529,126.8871646
449472899,37.5674555,126.8854883
449473088,37.5691943,126.8826424
449473090,37.5661056,126.8875989
449473568,37.5666664,126.8847273
631756001,37.5554275,126.9235972
796137310,37.5439334,126.9105571
798645174,37.549354,126.9049096
798645919,37.54859,126.9105767
798645945,37.5489352,126.9047871
798651017,37.5427968,126.917758
1104187225,37.5771466,126.8923366
1133534451,37.5690203,126.8760332
1133534456,37.5690049,126.8800018
1133534459,37.5678534,126.8789097
1133534460,37.567641,126.8790437
1133534461,37.5675008,126.8789797
1133534471,37.5677413,126.8785456
1133534473,37.5662495,126.8808407
1795204580,37.5543354,126.9225359
1795204599,37.5519841,126.9190547
1800575463,37.5529269,126.9216487
1800585176,37.5544584,126.9298179
1830388306,37.5547661,126.9292413
1830388317,37.5540263,126.9275877
1830411034,37.556521,126.9280226
1830504800,37.5478762,126.9199818
1834932796,37.5483292,126.92022
1834932797,37.5483458,126.9163868
1834932799,37.5484151,126.9187244
1834932801,37.5488214,126.9204621
1834932805,37.5497217,126.9196773
1834932806,37.5497871,126.9144125
1834932807,37.5501127,126.9176097
1834932810,37.5505025,126.9179319
1834932811,37.550861,126.9182725
1834932812,37.5513078,126.9187715
1931779475,37.5568774,126.917347
1931779477,37.5575284,126.9187818
1931790368,37.5576424,126.9153859
1931790374,37.5580403,126.9168986
1931790383,37.5588399,126.9164741
1931790385,37.5576152,126.9161625
1931790389,37.5585777,126.9178289
1949110857,37.5598705,126.9195033
1949110858,37.5562392,126.9212742
1949110883,37.5589845,126.9183552
1949110885,37.5606092,126.9207286
1949110888,37.5578924,126.9214859
1949110892,37.5606304,126.9168645
1949110896,37.5569183,126.9204896
1949110904,37.5593658,126.9185642
1949110907,37.5582429,126.9211034
1949110912,37.5579076,126.91934
1949110915,37.5587455,126.9205677
1949139139,37.5589319,126.9225577
1949139142,37.5605699,126.9187344
1949139158,37.5593349,126.9200139
1949139160,37.5616254,126.9224347
1949139163,37.5585717,126.9187276
1949139184,37.5600724,126.92124
1949139190,37.56024,126.9187185
1949139193,37.5595477,126.9217436
1949139222,37.5617068,126.9186731
1949139236,37.5620987,126.9193356
1949139253,37.5605891,126.9232735
1949139275,37.5611784,126.9177721
1949178455,37.5560099,126.9205497
1949178460,37.5579592,126.9133412
1949178468,37.5549401,126.9157572
1949178471,37.555056,126.9164513
1949178482,37.5600399,126.9158814
1949178488,37.556086,126.9156264
1969395174,37.5534997,126.9148317
1969395175,37.5539487,126.9130559
1969395177,37.5548194,126.9150601
1969395179,37.5519485,126.9129522
1969395183,37.5541764,126.9142042
1969395184,37.5528548,126.912672
1969395185,37.5535584,126.9152067
1969395186,37.5518772,126.9125017
1969395187,37.552397,126.9149659
1969395189,37.5538241,126.9123838
1969395190,37.5544048,126.915394
1969395193,37.552402,126.9128107
1969395195,37.551978,126.9157472
1969395198,37.5543458,126.9122229
1969395200,37.5530279,126.9171775
1969395206,37.5530317,126.9133226
1969395210,37.5542544,126.9146034
1969395214,37.5533747,126.9144822
1969395215,37.552833,126.9150475
1969395219,37.5531799,126.913897
1969395220,37.5535099,126.9155933
1969395225,37.5515995,126.9149485
1969395233,37.5524192,126.9160744
1969395236,37.5529562,126.9166421
1969395239,37.5526393,126.9140543
1969395241,37.554591,126.9136876
1969395247,37.5535999,126.9162574
1969395248,37.5512494,126.9152091
1969395251,37.5533142,126.9158717
1969395252,37.5522491,126.9142026
1969395253,37.5541017,126.9138282
1969395254,37.5527611,126.912213
2139811760,37.5523062,126.9003312
2139811778,37.5598061,126.8912209
2139811784,37.5523747,126.9007142
2139811797,37.5579231,126.8934363
2139811828,37.5617252,126.8976804
2139811858,37.5595838,126.8945628
2139811868,37.5617993,126.8975549
2139811874,37.5619347,126.8980588
2139811882,37.5601344,126.8958583
2139811885,37.560228,126.8961319
2139867162,37.5601835,126.8964386
2139867163,37.5573214,126.8948497
2139867164,37.558092,126.8940258
2139867170,37.5550309,126.8971234
2139867172,37.5602282,126.8909651
2139867174,37.5499228,126.9040745
2139867190,37.555606,126.8972298
2139867191,37.5597149,126.8957332
2139867193,37.5566517,126.8939195
2139867194,37.5558705,126.8963449
2139867231,37.5551607,126.8965622
2139867246,37.5487818,126.9089581
2139867263,37.5572651,126.8959186
2139941727,37.5439941,126.9280821
2139941732,37.5440378,126.9222063
2139941737,37.5440739,126.929887
2139941755,37.5454522,126.9172632
2139941756,37.5431443,126.9303715
2139941762,37.5385475,126.9443681
2139941766,37.5488423,126.9099276
2139941776,37.5474803,126.9313073
2139941779,37.5470851,126.9311891
2139941788,37.5423012,126.9283144
2139941806,37.5457849,126.9118332
2139941812,37.5457407,126.912554
2139941828,37.5470584,126.9313439
2139941831,37.5375778,126.9420347
2139941839,37.5464322,126.9102267
2139941845,37.5446563,126.9229055
2139941847,37.5404394,126.9380086
2139941852,37.5389476,126.9407328
2139941856,37.5458325,126.9105152
2139941861,37.5382821,126.9417603
2139941874,37.5381874,126.9441367
2139941882,37.536971,126.9409858
2139941888,37.5370133,126.9424413
2139941903,37.5422307,126.9368192
2139941906,37.5395575,126.9421979
2139941907,37.5451589,126.921727
2139941910,37.5485403,126.9095368
2139941913,37.54506,126.9229215
2139941920,37.5439586,126.9252661
2139941922,37.5455917,126.9304505
2139941924,37.5474724,126.9314815
2139941930,37.5485566,126.9092208
2141595962,37.5740238,126.8653254
2141595985,37.5608012,126.8903536
2141595988,37.5766198,126.8633707
2141596006,37.5734345,126.8684717
2141596012,37.5761795,126.8623008
2141596014,37.5746997,126.8640796
2141596039,37.5726528,126.8692705
2141596045,37.575072,126.866328
2141596077,37.5622283,126.8870771
2141596080,37.5747838,126.8655591
2141596087,37.5628725,126.8888817
2141596093,37.5599384,126.8913623
2141616543,37.5673483,126.8595211
2147567566,37.5624669,126.9018182
2147567567,37.5651285,126.9098761
2147567570,37.5609542,126.8981017
2147567604,37.562599,126.9025825
2147567607,37.5631763,126.9045407
2147567609,37.5632044,126.9030131
2204167381,37.5386282,126.9444697
2288311361,37.5438118,126.9511018
2288449080,37.5652801,126.9117894
2288449081,37.5794472,126.8946876
2322074403,37.5472718,126.9606845
2322074411,37.5479324,126.960239
2322074413,37.5478883,126.959914
2322074420,37.5472677,126.9591808
2322074424,37.5475132,126.9581986
2323311234,37.545383,126.9186704
2329648809,37.5562989,126.9458648
2329648810,37.5565182,126.9499015
2329648813,37.5567707,126.9544576
2329648814,37.5568727,126.9558004
2329648821,37.5563331,126.9464999
2329648822,37.5543918,126.9465668
2329648827,37.5514503,126.9466565
2329648837,37.5468036,126.945459
2329648839,37.5459853,126.9461063
2329648843,37.5481616,126.9474157
2329648852,37.5505724,126.9464371
2329648860,37.5558325,126.9465263
2329648865,37.5558067,126.9513993
2329648871,37.555362,126.9488433
2329648872,37.5557967,126.9479723
2329648875,37.5550548,126.9485877
2329648884,37.5546224,126.9509711
2329648890,37.5553523,126.9553417
2329648891,37.5553152,126.955153
2329648896,37.5546898,126.9534298
2329648904,37.5523773,126.9516649
2329648912,37.5448075,126.9488119
2329648916,37.5461464,126.9501912
2329648920,37.5488652,126.950365
2329648926,37.5467378,126.952255
2329648927,37.5489502,126.9484939
2329648931,37.5494597,126.9479858
2329648956,37.5514551,126.9535849
2329648966,37.5551398,126.9576893
2329648967,37.5550833,126.957978
2329648995,37.5487021,126.9309446
2329648999,37.549267,126.9293734
2329649000,37.5453311,126.9195762
2329649004,37.5458858,126.9212348
2329649007,37.5460077,126.9229385
2329649021,37.5464139,126.9229458
2329649026,37.5459255,126.9174765
2329649046,37.5530576,126.9079943
2329649056,37.5524203,126.9044023
2329649057,37.5529307,126.9046021
2329649058,37.5534056,126.9061354
2329649059,37.5539256,126.9075501
2329649060,37.5547657,126.9103695
2329649063,37.5537595,126.9041584
2329649071,37.5570621,126.9099352
2329649072,37.5559487,126.9109235
2329649073,37.5562272,126.9122295
2329649074,37.5569831,126.9141156
2329649075,37.5560967,126.911607
2329649076,37.5585729,126.9107677
2329649078,37.5620972,126.9273422
2329649080,37.5654362,126.923555
2329649081,37.5661662,126.9219604
2330771333,37.5544856,126.9447028
2330771347,37.5538484,126.9386701
2330771349,37.5533218,126.9376287
2330771431,37.5555823,126.9414226
2330771433,37.5553807,126.940824
2330771437,37.5543061,126.9376357
2330771439,37.5549122,126.9381285
2330771440,37.5552849,126.9391375
2330771444,37.5559851,126.9412658
2330771455,37.5548597,126.9417011
2330771456,37.5542814,126.9418996
2330771457,37.5534934,126.9386949
2330771469,37.5512892,126.9369229
2330771472,37.5512231,126.9372664
2330771479,37.554562,126.9408106
2330782481,37.5492614,126.9580172
2330782485,37.5500041,126.9594634
2330782495,37.5512126,126.9620146
2330782501,37.5517227,126.9585719
2330782519,37.5489525,126.9545353
2330782525,37.5470441,126.9547233
2330782527,37.5465034,126.9552933
2330782528,37.5463833,126.9557434
2330782529,37.5481682,126.9570591
2330782531,37.5475541,126.9576206
2330782542,37.5501922,126.9551582
2330782543,37.5513559,126.9582168
2330782551,37.5578409,126.9604748
2330782561,37.5523956,126.9616748
2330782565,37.5561106,126.9604794
2374750051,37.5554817,126.9083443
2374750053,37.559956,126.9027239
2374750057,37.5566682,126.9076518
2374750058,37.5536659,126.9058773
2374750064,37.55655,126.9060537
2374750067,37.5535215,126.909434
2374750069,37.5558809,126.9062727
2374750073,37.5552101,126.9064869
2374750074,37.5540482,126.905502
2374750075,37.5552665,126.9068771
2374750077,37.5555731,126.9089854
2374750078,37.5536362,126.903559
2374750079,37.5564429,126.9088437
2374776955,37.5525916,126.9065459
2374794514,37.5543439,126.9180959
2374794523,37.5540685,126.9174989
2374794532,37.5553113,126.9179183
2374794573,37.5543463,126.9194354
2374794579,37.5556593,126.9194082
2374794582,37.5548107,126.9188797
2374823802,37.5606903,126.9074014
2374823805,37.562296,126.9051969
2374823807,37.5604031,126.9069092
2374823808,37.5601988,126.9081868
2374823809,37.556041,126.9140789
2374823810,37.5564617,126.9200245
2374823811,37.557246,126.9181588
2374823813,37.5628778,126.9064819
2374823817,37.5583168,126.9095475
2374823819,37.555019,126.9133425
2374823820,37.5605429,126.9060713
2374823821,37.555499,126.9128981
2374823823,37.5596104,126.907623
2374823827,37.557582,126.9123717
2374823834,37.5564214,126.9127632
2374823837,37.5610054,126.9079508
2374823839,37.5634491,126.9061681
2374823840,37.5555398,126.91448
2374823841,37.5619217,126.9055395
2374823843,37.5542858,126.9118407
2374823846,37.5560287,126.9195903
2374823847,37.55997,126.9103083
2374823854,37.5616461,126.9066236
2374823856,37.5567065,126.913548
2374823857,37.5597955,126.9080902
2374823862,37.5633534,126.9076767
2374823864,37.5559942,126.9176967
2374823865,37.5613491,126.9071609
2374823867,37.5595734,126.9091424
2374823875,37.5609297,126.908377
2374823876,37.5624478,126.9067246
2374823878,37.5599517,126.9094611
2374823880,37.5550909,126.9109894
2374823885,37.556577,126.9189456
2374838342,37.5631824,126.9177584
2374838344,37.5615349,126.9183797
2374838349,37.5644618,126.915144
2374838374,37.5661154,126.9154141
2374838378,37.5650786,126.9150231
2374838387,37.5652898,126.9166903
2374838391,37.5640496,126.9158313
2374838400,37.5629529,126.9154568
2374838418,37.5639729,126.9152483
2374838429,37.563222,126.9182736
2374838431,37.5641442,126.9178845
2374838435,37.5631433,126.9172194
2374838468,37.5654273,126.9177204
2374838474,37.5638084,126.9139748
2374838478,37.566165,126.9170542
2374838516,37.56311,126.9167376
2374838523,37.5652256,126.9161512
2374838526,37.5639553,126.9195019
2374838532,37.5643668,126.9144021
2374838549,37.5663704,126.9160414
2374838555,37.5659114,126.9189455
2374838565,37.560934,126.9173682
2374838571,37.567051,126.9175165
2374838575,37.5653372,126.9125945
2374838583,37.5654921,126.918242
2374838614,37.5641097,126.9163092
2374838652,37.5628681,126.9148202
2374838656,37.5651536,126.9156162
2374838660,37.5613467,126.9200378
2374838669,37.5669962,126.9169527
2374838675,37.5630246,126.9160412
2374838688,37.5657572,126.9141196
2374838706,37.5671692,126.9171827
2374838730,37.5645342,126.9157393
2374838752,37.5659597,126.9148527
2374838755,37.5607862,126.9158412
2421606544,37.5548042,126.9301177
2451940610,37.5395696,126.9431743
2451940611,37.5399302,126.9436067
2451940614,37.5413199,126.9482567
2451940615,37.5414383,126.9454907
2451940616,37.5416931,126.947782
2451940617,37.5419015,126.9490779
2451940618,37.5419978,126.9447396
2451940620,37.5423325,126.9378894
2451940622,37.542736,126.943648
2451940624,37.5429012,126.9385313
2451940627,37.5433232,126.9492204
2451940629,37.5433637,126.9478025
2451940631,37.5435381,126.9461751
2451940640,37.5442217,126.9414937
2451940652,37.5457913,126.955237
2451940655,37.5464659,126.9536675
2451940657,37.5466884,126.9531878
2451940661,37.5470554,126.9408055
2451940662,37.5470159,126.9437429
2451940663,37.5472017,126.9541978
2451940665,37.5472612,126.9526176
2451940682,37.5487936,126.9535842
2451940687,37.5491306,126.9446702
2451940692,37.5492856,126.9433084
2451940696,37.5493363,126.9431818
2451940702,37.549471,126.9458545
2451940705,37.5495241,126.9450832
2451940711,37.5497059,126.9379506
2451940727,37.5520921,126.9438823
2451940759,37.5531916,126.9564776
2451940770,37.553412,126.9558866
2451940771,37.5534057,126.9442332
2451940772,37.5534118,126.9447188
2451940773,37.5534162,126.9452581
2451940779,37.5537502,126.9596946
2451940793,37.5543928,126.9452832
2451940799,37.5546139,126.9555278
2451940802,37.5546767,126.9442202
2451940805,37.5549496,126.9608454
2451940806,37.5550136,126.9494603
2451940811,37.5553168,126.9465406
2451940816,37.5553589,126.9482355
2451940820,37.5557912,126.9485377
2451940823,37.5562589,126.9545053
2451940824,37.5563016,126.9550649
2451940825,37.5563408,126.9555772
2451940826,37.5565379,126.9520328
2473238876,37.552636,126.924041
2473242328,37.5594726,126.9265449
2473255250,37.5618225,126.9271694
2473255261,37.5596489,126.9261553
2473255265,37.5597576,126.9256008
2473255280,37.5600372,126.925047
2473255286,37.5607081,126.92424
2473255291,37.5665032,126.9194498
2473270869,37.5619909,126.9249965
2473270871,37.5610034,126.9242572
2473270875,37.5608236,126.9242489
2473270879,37.561733,126.9254562
2473270880,37.5619787,126.9253571
2473270881,37.5604265,126.9256097
2532403755,37.5673937,126.9168413
2532420363,37.5678976,126.9156395
2605578793,37.5818925,126.8883716
2605578794,37.5813028,126.889349
2605578797,37.5823483,126.8873866
2605578798,37.5827795,126.886212
2605603657,37.577394,126.8977372
2605603658,37.5742275,126.8973425
2605603659,37.575501,126.8986999
2605603660,37.5841416,126.8859824
2605603661,37.5815593,126.8849619
2605603662,37.5831206,126.8881687
2605603663,37.5809598,126.8859872
2605603665,37.5760796,126.8978994
2605603666,37.5821812,126.8902377
2605603667,37.5836345,126.8870868
2605603669,37.580614,126.8930219
2605603670,37.5821532,126.8839602
2605603672,37.5798243,126.8878746
2605603673,37.5762478,126.8994976
2605603676,37.5826722,126.8891582
2605603677,37.5804248,126.8868804
2690966910,37.5482707,126.9303671
2690966911,37.5475197,126.9299123
2690977357,37.5499828,126.9342419
2690978752,37.5489002,126.9359937
2690978755,37.5493829,126.9369593
2720510403,37.5575184,126.9057338
2720635239,37.5567951,126.909453
2721261123,37.5572812,126.9080919
2721262777,37.5577363,126.9086122
2721321961,37.5577603,126.906891
2724377656,37.5601253,126.910081
2724377678,37.5633269,126.9116184
2724377696,37.5589782,126.9082025
2724377708,37.5587046,126.9077347
2724377713,37.5594122,126.9104882
2724377717,37.5603452,126.9097564
2724377721,37.5591948,126.9092633
2724377725,37.5612504,126.9094043
2724382764,37.5622287,126.9088518
2724382767,37.5621178,126.9069145
2724391956,37.5650367,126.9109132
2724391959,37.5637211,126.9108792
2724391961,37.5633382,126.912041
2724391967,37.5626333,126.9141826
2739018581,37.5455836,126.9308493
2739029763,37.545421,126.9325961
2739029768,37.5432182,126.9305826
2739030799,37.5434947,126.9308312
2753700669,37.546985,126.90864
2753700671,37.5470776,126.9085248
2753700678,37.5487997,126.9118271
2753700728,37.5486922,126.9118676
2753742480,37.546659,126.9079777
2753742493,37.5465681,126.9081004
2775071293,37.5529523,126.9335053
2775071298,37.5539958,126.9317033
2775071304,37.5538664,126.9314637
2858504985,37.5628842,126.885627
2881092103,37.5831189,126.8849425
2881092106,37.5779369,126.896677
2881092109,37.5748826,126.8996377
2881092111,37.5769483,126.8947138
2881092112,37.5762336,126.8938864
2881092133,37.5749052,126.89808
2881092143,37.5791597,126.8943998
2881092146,37.578083,126.8967018
2881092152,37.575697,126.8961806
2881092162,37.5775191,126.8956685
2881092167,37.5779181,126.8931381
2881092169,37.5749958,126.8979618
2881092181,37.5757777,126.9002134
2881092570,37.5757259,126.8947696
2881092583,37.5748934,126.8900691
2881094411,37.5751244,126.8958086
2881094696,37.5790707,126.8869445
2881094700,37.5788712,126.887124
2881094807,37.5790803,126.8871586
2881099161,37.5805767,126.8844435
2881099162,37.5809006,126.8843017
2881099164,37.5807639,126.8836069
2881099168,37.5806652,126.8841548
2881099176,37.5808809,126.884045
2881099181,37.5807497,126.8843451
2881099185,37.5807039,126.8840614
2881102865,37.5806167,126.8796788
2881102869,37.5815527,126.8785785
2881102882,37.5804975,126.8798985
2881102884,37.5806645,126.879896
2930463919,37.5611956,126.9054955
2930463921,37.5608618,126.9005211
2930463922,37.5588895,126.9003592
2930463923,37.5569716,126.9030976
2930467403,37.549319,126.9193822
2930467420,37.5496753,126.963557
2930467440,37.5423217,126.9499011
2934487843,37.5653612,126.91729
2938354331,37.5737494,126.8642369
2956978527,37.5591977,126.9248537
2956978532,37.5588284,126.9251653
2956988737,37.5596214,126.9245063
2956988738,37.5586438,126.9256287
2959081059,37.5528519,126.9242676
3024393049,37.5566315,126.9245979
3024393074,37.5568204,126.9270822
3033929895,37.5574791,126.9236416
3033929921,37.5564913,126.9223054
3033931366,37.5549315,126.9202072
3033951751,37.552645,126.9182587
3034111472,37.5516929,126.9169743
3034164310,37.5538869,126.919912
3034164321,37.5530934,126.917733
3034197250,37.5551295,126.9215965
3034284276,37.5560086,126.9227695
3034284279,37.5555743,126.9210715
3034284282,37.5570212,126.9241206
3034284289,37.5576983,126.9250274
3038649848,37.5508844,126.9182986
3038707227,37.5503898,126.9196564
3038707228,37.5502016,126.9200438
3038710046,37.5508028,126.9204324
3040583099,37.5529124,126.9285331
3040583105,37.5526298,126.9286538
3040583106,37.5524311,126.9278732
3040583120,37.5498207,126.9276876
3040583121,37.5533432,126.928492
3040583126,37.5534357,126.9294462
3040583127,37.5539025,126.9289563
3040585338,37.5541545,126.9293254
3040585339,37.5535356,126.9297012
3040585340,37.5538294,126.9295229
3040585341,37.553743,126.9293102
3048481860,37.5580018,126.9243331
3048481870,37.5577837,126.9204369
3048481871,37.5582929,126.9199046
3048652633,37.5539725,126.9020972
3048653933,37.5536041,126.9026427
3048654033,37.5526987,126.9020709
3048654035,37.5524731,126.9015177
3048655633,37.5516229,126.90347
3048657133,37.5529279,126.9008803
3057206340,37.5532787,126.9012911
3066579587,37.5488709,126.9165847
3074221233,37.5488328,126.9131457
3074316369,37.5453691,126.9104346
3074776034,37.5412476,126.9498541
3074776036,37.539585,126.9460681
3074776037,37.5387262,126.9474554
3074783133,37.5418084,126.9491888
3074785642,37.5399916,126.9474967
3074786334,37.5396926,126.9468275
3074787435,37.5403189,126.9471222
3074787437,37.5376581,126.9493095
3074787542,37.5382683,126.94744
3074788835,37.53871,126.9487788
3074813736,37.5389635,126.9502695
3074813834,37.5374345,126.9499535
3074833633,37.5410655,126.9543767
3074968860,37.5410786,126.9547022
3074968863,37.5432923,126.9522605
3074982852,37.5386718,126.9508445
3074982858,37.5399459,126.9488147
3074982860,37.5404467,126.9486145
3074982861,37.5403427,126.9516543
3074982869,37.5412541,126.9507353
3074982874,37.5414411,126.9501468
3075974526,37.5377456,126.9474246
3078076779,37.5488982,126.9122623
3078076792,37.5495555,126.9140562
3078076796,37.5497934,126.9131556
3078076798,37.5500328,126.9130859
3081349433,37.5450316,126.935763
3081349434,37.5464062,126.9361008
3081349833,37.5467088,126.9355415
3081352533,37.5473326,126.937147
3081352934,37.5443698,126.9360693
3085426333,37.5457942,126.9116806
3086804405,37.5488427,126.9134805
3099973729,37.5470686,126.9130995
3110425407,37.5455146,126.9261902
3110425408,37.5458998,126.9240683
3110425409,37.5465192,126.9240816
3110445440,37.5526726,126.928872
3110451520,37.5456201,126.9292017
3110451526,37.5466392,126.9284688
3110451757,37.5475798,126.928265
3118192556,37.5505131,126.9146565
3139492438,37.5564557,126.9261837
3139492445,37.5564307,126.9262465
3139492465,37.5562674,126.9250814
3139492472,37.5562513,126.9251578
3157259861,37.5434543,126.9533653
3157336863,37.5517601,126.9573122
3157336864,37.5521557,126.9574253
3157336961,37.5516682,126.9566242
3157336963,37.5519362,126.9573684
3157553461,37.5524269,126.9562738
3157763607,37.5518644,126.9559832
3186206867,37.5532604,126.9031521
3201530628,37.554267,126.9117342
3230872623,37.5859234,126.8855043
3242365290,37.5464108,126.952788
3242818624,37.5467902,126.929641
3242818629,37.5475262,126.9296315
3242818631,37.5469455,126.9284903
3242818632,37.546684,126.928291
3309834352,37.5541015,126.9342405
3309834353,37.5544859,126.9344612
3309834355,37.5547364,126.9413631
3309834356,37.5547908,126.932277
3309834358,37.5548064,126.9323903
3309834359,37.5548581,126.9346748
3309834961,37.5550001,126.9410305
3309834964,37.5552168,126.9348807
3309834965,37.5552777,126.9335503
3309834966,37.555317,126.9458831
3309834967,37.5554607,126.9320422
3309834968,37.5556083,126.9326686
3309834969,37.5556509,126.940241
3309834970,37.5556309,126.933747
3309834972,37.5557456,126.9405264
3309834974,37.5560073,126.931919
3309834977,37.5560037,126.9327271
3309834978,37.5561046,126.9327453
3317847681,37.5599079,126.9119863
3317861162,37.5588002,126.91187
3317861361,37.5591921,126.9117448
3317861461,37.5595185,126.911094
3317861462,37.5593311,126.9124212
3317876163,37.5634867,126.9134112
3317876262,37.5641374,126.9119103
3317876664,37.5630041,126.9125534
3317877361,37.5631442,126.9128
3322219092,37.5573354,126.9111914
3322219101,37.5636861,126.9118651
3331228010,37.5367035,126.9459106
3331228014,37.5355525,126.9440389
3331239094,37.5373827,126.9467425
3331239100,37.5352798,126.9451976
3331239193,37.5383196,126.9466467
3331239194,37.5370555,126.946543
3331239297,37.5351918,126.9448943
3331239300,37.5368799,126.9437016
3331239301,37.5373938,126.9437991
3331239302,37.5366205,126.9442797
3331239395,37.5363844,126.9457257
3331239396,37.5352725,126.9450772
3331239495,37.5352743,126.9446452
3331258295,37.5364901,126.9447944
3331258297,37.5412259,126.9483748
3331258394,37.5367729,126.9447657
3331258396,37.5392287,126.9455648
3331258695,37.5379343,126.9456541
3331258894,37.5388418,126.9464364
3331258895,37.5387661,126.9467962
3339259194,37.5560973,126.9429499
3339259797,37.5539037,126.9452515
3339259997,37.5537622,126.9447189
3339311193,37.5556869,126.9429456
3339311393,37.5550383,126.942369
3339312494,37.553752,126.9442315
3339312893,37.5539018,126.9447189
3347412393,37.569593,126.8806547
3351589224,37.5489042,126.9488447
3351589225,37.5496353,126.9527676
3351589226,37.549859,126.9491171
3351589234,37.5507116,126.9552293
3351589255,37.5517144,126.9537247
3351589257,37.551776,126.9550105
3351589258,37.5518278,126.9557714
3351589269,37.552501,126.9539297
3351589276,37.5526276,126.9552941
3351589526,37.5543931,126.9471164
3351589534,37.5546351,126.9495339
3351589543,37.5548042,126.9500589
3351589545,37.5549416,126.9514573
3351589549,37.5550482,126.95062
3351589550,37.5550555,126.949701
3351589555,37.5552244,126.949172
3351589557,37.5552976,126.9511514
3351589558,37.5553145,126.9504006
3351589559,37.5553167,126.9470852
3351589560,37.555323,126.949619
3351589567,37.5555695,126.9509179
3351589574,37.5557956,126.9503805
3351589576,37.5557979,126.9489503
3351589577,37.5558007,126.950845
3351589584,37.5559894,126.9493745
3351589600,37.5561682,126.9518127
3351589601,37.5562012,126.9537494
3351589602,37.5561765,126.949913
3351589613,37.5562868,126.9532861
3351589615,37.5561705,126.9508343
3351589622,37.5564261,126.9481342
3351589625,37.5564679,126.9489418
3351589627,37.5564906,126.9493805
3351589633,37.5566138,126.9509878
3351589637,37.5567025,126.9498795
3351589650,37.556809,126.9509781
3351589656,37.556868,126.9520012
3351589657,37.5569003,126.9532274
3351589685,37.5571555,126.9532075
3351615375,37.5498617,126.9461922
3352620571,37.5509003,126.9562516
3352620587,37.5511913,126.9615554
3352633629,37.5518187,126.9590077
3352633633,37.5520332,126.9593289
3352633687,37.5530731,126.9606333
3352633694,37.5532902,126.9612789
3352633697,37.5532822,126.9603767
3352633723,37.5535687,126.9611428
3352633900,37.5544385,126.9576924
3352633956,37.5555004,126.9613816
3352633975,37.5556728,126.9618636
3352633979,37.5559833,126.9611698
3352634000,37.5563537,126.9608113
3352634007,37.5565114,126.9610265
3352634013,37.5567603,126.9605195
3352634024,37.5569555,126.9604053
3352634042,37.5573936,126.9610735
3352634051,37.5575764,126.9625284
3352634054,37.5575859,126.9620898
3352634062,37.5576149,126.96305
3352634076,37.5581867,126.9625514
3356410218,37.5492484,126.9516792
3356410222,37.5507285,126.9531385
3383840593,37.5409644,126.9449483
3383840993,37.5394555,126.9442357
3393326671,37.548786,126.9123496
3393326683,37.5517161,126.9167015
3393329406,37.5508189,126.9154903
3393887601,37.5495998,126.9138448
3407835859,37.5566848,126.9017209
3414052376,37.57439,126.9011172
3414052384,37.5753535,126.9008738
3414087347,37.567902,126.8789605
3414087389,37.5737124,126.883321
3414087830,37.5754752,126.8663153
3414087837,37.5758892,126.8667264
3414087838,37.5759298,126.8803023
3426168693,37.552759,126.9146802
3429594393,37.5467773,126.922953
3431021293,37.5452821,126.9520047
3431021297,37.5477693,126.9496749
3431021300,37.5438778,126.9496179
3431021398,37.5443421,126.9485118
3431021496,37.5435593,126.9493886
3431021593,37.5488327,126.9493797
3431071194,37.5446579,126.9469992
3431071797,37.5470498,126.941151
3431076994,37.5454422,126.9460826
3431077494,37.5458881,126.9441477
3431077994,37.5468282,126.9421958
3431078693,37.5466868,126.9421143
3431078993,37.5460846,126.9441679
3431078994,37.5456725,126.9455632
3431079093,37.545865,126.9463846
3431079293,37.5434469,126.9506072
3431079393,37.5431151,126.9503557
3436119874,37.5527671,126.9181202
3436119881,37.5540318,126.9198033
3436119884,37.5552403,126.921462
3436119887,37.556148,126.9227056
3436119890,37.5571538,126.9240318
3436120294,37.5577527,126.9248164
3464948493,37.5576507,126.9135886
3464948596,37.558648,126.9127926
3464948693,37.5567653,126.9136642
3464948794,37.5574662,126.9118102
3464949293,37.5578498,126.9110173
3464949393,37.5582983,126.9130774
3490390994,37.5462558,126.9229429
3490392193,37.5461277,126.9225773
3490411594,37.5450788,126.9226978
3490483998,37.5493509,126.9314335
3490484096,37.550141,126.9293763
3490484694,37.5500668,126.9289297
3494540108,37.5536964,126.8998196
3494540501,37.5540597,126.9002286
3494544693,37.5558588,126.8977746
3494544694,37.5554552,126.8999146
3494545193,37.5548271,126.8991876
3494545293,37.5544689,126.8987698
3494553299,37.5547251,126.9010003
3500755195,37.5581782,126.9089201
3500757094,37.5575421,126.9094755
3500784793,37.5543593,126.9089994
3504542404,37.5550803,126.9004644
3506409293,37.548747,126.9261074
3508118901,37.555013,126.896341
3508122901,37.555004,126.8965077
3508146994,37.5548667,126.896512
3508206813,37.5546018,126.8973026
3508206816,37.555634,126.8958935
3522891980,37.5514199,126.902872
3522891981,37.5515127,126.9028286
3522920663,37.5514782,126.9029342
3540457792,37.5642305,126.9078263
3540457899,37.5648565,126.9075873
3628462214,37.564016,126.9108786
3628462216,37.5644587,126.9116264
3628462223,37.5640684,126.912892
3634040397,37.5608022,126.9065398
3648591735,37.5526412,126.9340422
3648592233,37.5515499,126.9356279
3648703625,37.554247,126.9317196
3648703626,37.5546114,126.9318883
3648703725,37.5543551,126.932218
3648703726,37.5558249,126.9308685
3648703825,37.5556673,126.9308839
3648704125,37.5568779,126.9281363
3653617214,37.5574227,126.9198969
3655203114,37.5620258,126.9211699
3655203115,37.5612904,126.9218631
3664000342,37.5627755,126.9204628
3664000365,37.5602049,126.9182781
3678120988,37.5640708,126.9250115
3678120989,37.5644468,126.923585
3702193030,37.5602337,126.9227524
3702193031,37.5596958,126.9233212
3702193045,37.5585351,126.9230761
3702193046,37.5574463,126.9221605
3702193047,37.5594558,126.9242745
3702193049,37.559781,126.9237873
3702193053,37.5593384,126.9229654
3742353031,37.558916,126.9254279
3742353032,37.559679,126.9259076
3742366044,37.561239,126.9242764
3742366045,37.5611895,126.9251094
3742366046,37.5612335,126.9257229
3742366048,37.5614817,126.9243001
3742366049,37.5616768,126.9252184
3742366052,37.5614844,126.9256319
3742366053,37.5614585,126.9253889
3742366054,37.5617923,126.9246799
3742385728,37.5616754,126.9250177
3742385731,37.5593845,126.9250939
3742385732,37.5598214,126.9247582
3742385739,37.5606756,126.9257506
3742385777,37.562896,126.9249723
3742400162,37.5629264,126.9263655
3742400186,37.5633704,126.9236589
3742400187,37.5630324,126.9251278
3742400188,37.5628272,126.9248942
3742400196,37.563659,126.92422
3742400201,37.5617924,126.9232207
3742400205,37.5627779,126.9224274
3742400208,37.5637957,126.9223155
3742400209,37.5630169,126.92294
3742400210,37.5620414,126.9237166
3742400211,37.5637039,126.9221343
3742400212,37.5629378,126.9227452
3742400213,37.5619498,126.9235324
3742400727,37.5616693,126.9243179
3743639265,37.5580016,126.9274233
3743639267,37.5574834,126.9270957
3743639269,37.5575737,126.9285385
3743639270,37.5576949,126.9272339
3743639271,37.55722,126.9283246
3743639274,37.5567783,126.9294006
3743639275,37.5570223,126.9288993
3743639277,37.5572412,126.9291846
3743639280,37.5561811,126.9298397
3743639281,37.5571477,126.9300228
3743639283,37.5564963,126.929884
3743639284,37.5568468,126.9298256
3743639285,37.5566304,126.9299029
3743639287,37.5563555,126.9312672
3743639292,37.5569295,126.930921
3743639293,37.5570735,126.9305662
3743639296,37.5568075,126.9308435
3743639297,37.5569736,126.9304308
3743639298,37.5566868,126.9307609
3743639299,37.556859,126.9303444
3743639300,37.5562315,126.9304338
3743639301,37.5561471,126.9311106
3743639302,37.5562517,126.9309024
3743639303,37.556581,126.9314367
3743639304,37.5567543,126.9310635
3743639305,37.5562646,126.9311989
3743639306,37.5560739,126.9315656
3743639307,37.556014,126.9310106
3743639308,37.5559036,126.93122
3743639309,37.5555365,126.931124
3743639311,37.5556166,126.9320071
3743639312,37.5555186,126.9314722
3743639313,37.5553033,126.9321259
3743639314,37.5552669,126.9319999
3743639315,37.5551848,126.9318243
3743639316,37.5552854,126.9318411
3743639317,37.5551274,126.9322195
3743639320,37.5554506,126.9322266
3743639323,37.5556978,126.9326819
3743639324,37.5552801,126.9326436
3743639325,37.5549966,126.9333893
3743639326,37.5554745,126.9326584
3743639327,37.5554009,126.9328748
3743639330,37.5543964,126.9326447
3743639331,37.5551651,126.9338505
3743639332,37.5550109,126.9337667
3743639333,37.5550184,126.9342419
3743639334,37.5546418,126.9340335
3743639335,37.5551059,126.9340086
3743639336,37.554952,126.9339118
3743639337,37.5550247,126.9329928
3743639339,37.5548734,126.9328819
3743639340,37.554684,126.9332099
3743639341,37.5547443,126.9330447
3743639342,37.5544786,126.933012
3743639343,37.5545816,126.9329314
3743639345,37.5547471,126.9328429
3743639346,37.5546153,126.9330199
3743639347,37.5546232,126.9331749
3743639348,37.5545592,126.9333561
3743639349,37.554374,126.9335118
3743639350,37.5547479,126.9337398
3743639351,37.5545741,126.9342212
3743639352,37.5544104,126.9341241
3743639353,37.5546868,126.933909
3743639354,37.5545087,126.9338056
3743639355,37.5543047,126.9337035
3743639357,37.554113,126.9337808
3743639359,37.5544104,126.9330978
3743639360,37.5550655,126.9341163
3743639361,37.5554131,126.9343434
3743639362,37.555519,126.9340534
3743639363,37.5553616,126.9339578
3743639364,37.555377,126.9336072
3743639365,37.5552971,126.9338091
3743639367,37.5554414,126.9342656
3743639370,37.5553605,126.934487
3743639372,37.5553333,126.9345615
3743639375,37.5547316,126.934416
3743639376,37.5546777,126.9345712
3743639378,37.5535548,126.933878
3743639380,37.5538796,126.9341131
3743639383,37.5539003,126.9342894
3743639384,37.5551836,126.9350291
3743639387,37.5544146,126.9345872
3743659769,37.5547199,126.9347618
3743659771,37.5546305,126.9353259
3743659772,37.5549597,126.9356715
3743659774,37.5548799,126.9348541
3743659775,37.5547381,126.9352623
3743672774,37.5542118,126.9323142
3743672775,37.5543593,126.9317716
3743672778,37.5544353,126.9311522
3743689800,37.5572105,126.9267647
3743775725,37.5544995,126.9122496
3743775748,37.5545327,126.9192089
3743775749,37.5536358,126.9180075
3743775768,37.5552652,126.9176641
3743775772,37.5552121,126.9173538
3743775780,37.5552741,126.9162801
3743775781,37.555783,126.9172796
3743775782,37.5556404,126.9170119
3798890910,37.5640432,126.9262789
3798890915,37.5636536,126.9274727
3798890932,37.5648677,126.9259598
3798890944,37.565815,126.9236598
3798890945,37.5652146,126.9253815
3798890953,37.5652748,126.9237275
3798902280,37.5616348,126.9270448
3798906767,37.5642613,126.9212428
3807474859,37.54616,126.9599672
3807474883,37.5469043,126.9599809
3807474884,37.5468596,126.9604942
3807474907,37.5470869,126.9604723
3807474912,37.5472633,126.9599749
3807474914,37.547261,126.9604583
3807474944,37.5477744,126.9597404
3807474964,37.5479957,126.9602743
3807474972,37.5480447,126.9607444
3807474978,37.5480645,126.9610182
3807474980,37.5480674,126.9593386
3807474981,37.548085,126.9613299
3807474992,37.54821,126.960073
3807474994,37.5482332,126.9600425
3807474996,37.548182,126.9591721
3807475010,37.5484049,126.9602342
3807475019,37.5484842,126.9607139
3807475023,37.5485238,126.9613168
3807475024,37.548539,126.960974
3807475029,37.5486033,126.9614098
3807475038,37.5486326,126.9606879
3807475042,37.5486815,126.9605734
3807475043,37.5487071,126.9605134
3807475044,37.5486902,126.9606978
3807475047,37.5487306,126.9609972
3807475049,37.5487563,126.9616831
3807475052,37.5487841,126.9595847
3807475054,37.5488115,126.9607285
3807475059,37.5488195,126.9620894
3807475063,37.5488305,126.9634718
3807475065,37.5488324,126.96251
3807475067,37.5488343,126.9631446
3807475072,37.5488436,126.9611792
3807475081,37.5488656,126.9599378
3807475082,37.5489186,126.9615074
3807475088,37.5489588,126.9611414
3807475094,37.549001,126.9602102
3807475099,37.5489284,126.9598246
3807475102,37.5490337,126.9607835
3807475105,37.549053,126.9602092
3807475107,37.5490918,126.9624854
3807475114,37.5492052,126.9620413
3807475118,37.5492516,126.961666
3807475121,37.5492364,126.963062
3807475125,37.5492591,126.9612978
3807475127,37.549254,126.9601338
3807475128,37.5492818,126.9610008
3807475129,37.5493065,126.9625167
3807475136,37.549362,126.963118
3807475140,37.5494983,126.9633199
3807475141,37.5492688,126.9600902
3807475144,37.5494811,126.9618001
3807475147,37.5495561,126.9635503
3807475155,37.5495721,126.9610262
3807475157,37.549571,126.9625981
3807475163,37.5496451,126.9638306
3807475164,37.5496025,126.9613986
3807475166,37.5496372,126.9619891
3807475177,37.5497818,126.9626933
3807475178,37.5498048,126.9635642
3807475183,37.5499184,126.9609817
3807475190,37.5499606,126.9624018
3807475198,37.5501609,126.9609132
3807475199,37.550089,126.9628305
3807475200,37.5500648,126.9607456
3807475201,37.5500703,126.9614903
3807475212,37.5502417,126.9628402
3807475213,37.550196,126.960861
3807475214,37.5502606,126.9630328
3807475215,37.5502798,126.9626574
3807475219,37.5502681,126.962032
3807475228,37.5504407,126.9631621
3807475242,37.5505913,126.9622182
3807475252,37.5504497,126.9612919
3807475258,37.5507683,126.9623092
3807475270,37.5509142,126.9617385
3807475272,37.550969,126.9628686
3807475276,37.5511524,126.9620631
3807475282,37.5510714,126.9627418
3807475300,37.5512164,126.9625585
3825309094,37.5623848,126.927562
3825309103,37.5625528,126.9276865
3825309125,37.5628712,126.9279145
3825309281,37.5647272,126.9188633
3825309335,37.5653752,126.920341
3825309481,37.5656291,126.9208492
3825309514,37.5657893,126.9176713
3825309571,37.5662817,126.9211048
3825309579,37.5663324,126.9186066
3825309596,37.5664752,126.92013
3847301264,37.5574816,126.9088385
3849174320,37.5659493,126.9000666
3849185769,37.5677765,126.8791777
3855509868,37.5688066,126.9059965
3855509870,37.5620101,126.9162431
3855509871,37.5620809,126.9168091
3855509913,37.5640228,126.9137849
3855509914,37.5641211,126.9045021
3855509919,37.5643458,126.9108448
3855509920,37.5643858,126.9134517
3855509922,37.5644471,126.9058031
3855509924,37.5645435,126.9108394
3855509925,37.5645748,126.906344
3855509932,37.5647999,126.9073073
3855509934,37.5647819,126.9100197
3855509935,37.5648721,126.9143016
3855509937,37.5649492,126.9067624
3855509939,37.5650274,126.9072718
3855509941,37.5650941,126.9034629
3855509944,37.5651705,126.9082034
3855509954,37.5654741,126.9091524
3855509956,37.5655068,126.9046327
3855510362,37.5657403,126.9043547
3855510379,37.565884,126.9112555
3855510383,37.5659277,126.9025798
3855510395,37.5661313,126.9120581
3855510398,37.5661551,126.9069668
3855510401,37.5662321,126.9089529
3855510413,37.5663925,126.9128948
3855510420,37.5665875,126.9033732
3855510428,37.5666843,126.9138297
3855510448,37.5669563,126.911849
3855510458,37.5672157,126.9111316
3855510462,37.5670419,126.9039195
3855510466,37.5670943,126.9091904
3855510473,37.5672274,126.9081612
3855510474,37.5672402,126.9099097
3855510479,37.5673139,126.9112672
3855510487,37.5673971,126.9107189
3855510496,37.5674666,126.9101678
3855510500,37.5675026,126.9075125
3855510502,37.5675067,126.9083427
3855510505,37.5675437,126.913356
3855510520,37.5677013,126.9108559
3855510533,37.567802,126.9076325
3855510535,37.5678896,126.9085916
3855510543,37.5678794,126.9142158
3855510546,37.5679103,126.9124856
3855510576,37.5681439,126.9079061
3855510577,37.5681475,126.9118664
3855510595,37.5683155,126.9111
3855510598,37.5683351,126.9146599
3855510602,37.5683959,126.9082902
3855510605,37.5684245,126.9111433
3855510610,37.5685121,126.9081904
3855510612,37.5685206,126.91066
3855510632,37.5687523,126.9079816
3855510645,37.5688383,126.9063596
3855510649,37.5688842,126.9095953
3855510653,37.5689025,126.9089302
3855510655,37.5689634,126.9060282
3855510656,37.5689684,126.913118
3855510760,37.5690193,126.9104101
3855510765,37.5691178,126.911321
3855510770,37.5692489,126.9092509
3855510773,37.5693111,126.9093084
3855510781,37.569449,126.9043621
3855510785,37.5694872,126.9064717
3855510787,37.5695947,126.9066762
3855510788,37.5695179,126.910301
3855510797,37.5696207,126.9114343
3855510801,37.5697011,126.904004
3855510810,37.5698294,126.9037848
3855510812,37.5698321,126.9088698
3855510816,37.5699527,126.9062301
3855510831,37.570291,126.9031635
3855510835,37.5708474,126.9076451
3855510836,37.5712262,126.9079037
3855510839,37.5713041,126.9043045
3855510843,37.572357,126.9029666
3855510853,37.5729677,126.9033043
3855510957,37.5731051,126.9031281
3855510958,37.5731135,126.9019676
3855510960,37.5732427,126.9029139
3855510961,37.5732535,126.9039675
3855510963,37.5733398,126.9038184
3855510964,37.5733767,126.9030221
3855510967,37.5734329,126.9023381
3855510969,37.5735195,126.9031234
3855510970,37.5735264,126.9034955
3855510972,37.5736633,126.9026055
3855510973,37.5736776,126.9020163
3855510977,37.5739027,126.9032735
3855510979,37.5740384,126.9030409
3864845907,37.5549786,126.9420676
3864845909,37.5556496,126.9423264
3864845910,37.5552204,126.9425033
3864845911,37.555319,126.9415241
3864845912,37.5553594,126.9420605
3864845913,37.5556301,126.942039
3864845915,37.5550065,126.9421534
3864845916,37.5551823,126.9415768
3865541988,37.5545455,126.9370679
3867926909,37.5390898,126.9438503
3867926912,37.5393769,126.9424551
3867926913,37.5393292,126.9454259
3867926918,37.5398708,126.9404029
3867926924,37.5401772,126.9438824
3867926925,37.5401881,126.9423186
3867926928,37.5402309,126.9408209
3867926929,37.5402408,126.940202
3867926931,37.5403906,126.9405856
3867926933,37.5405251,126.9404426
3867926934,37.5405421,126.9448338
3867926937,37.5406832,126.9427974
3867926939,37.5407138,126.944505
3867926944,37.5408249,126.9396904
3867926946,37.5409453,126.9421405
3867926948,37.5409397,126.9487024
3867926951,37.5410414,126.9430891
3867926952,37.5410716,126.939974
3867926953,37.5410933,126.94242
3867926955,37.5411992,126.9451782
3867929557,37.5412455,126.9427488
3867929561,37.541291,126.9389282
3867929565,37.5413919,126.9395037
3867929571,37.5414832,126.9422277
3867929572,37.5414875,126.9404596
3867929573,37.5415341,126.949512
3867929576,37.5415851,126.9392198
3867929579,37.5415798,126.9392276
3867929596,37.5417743,126.9445675
3867929600,37.5418072,126.9400235
3867929604,37.5418693,126.940849
3867929605,37.5418448,126.9388282
3867929606,37.5418542,126.938109
3867929626,37.5420109,126.9385617
3867929637,37.5421659,126.9382471
3867929648,37.5422783,126.9504295
3867929649,37.5423025,126.9397168
3867929653,37.5423313,126.9393724
3867929658,37.5423705,126.9370405
3867929660,37.5424045,126.9441383
3867929663,37.5424854,126.9391173
3867929664,37.5424933,126.9399634
3867929665,37.5424687,126.9375744
3867929675,37.5426186,126.9372528
3867929677,37.5426671,126.9403575
3867929680,37.5426943,126.9388205
3867929687,37.5427534,126.9403127
3867929693,37.5427777,126.9404965
3867929696,37.5428216,126.9394862
3867929701,37.5429204,126.9433806
3867929712,37.5430019,126.9439456
3867929718,37.5430671,126.9398701
3867929720,37.5430815,126.9382731
3867929721,37.5431344,126.9427559
3867929722,37.5432618,126.9428856
3867929723,37.5431104,126.9431052
3867929728,37.5432062,126.9400695
3867929738,37.5433709,126.9399563
3867929740,37.5434092,126.944364
3867929745,37.5435079,126.9392186
3867929755,37.5437909,126.9395313
3867929760,37.5438308,126.9407545
3867929763,37.543852,126.940237
3867929768,37.5438901,126.9443253
3867929775,37.5439465,126.9396389
3867929776,37.5439503,126.9436915
3867929788,37.5440066,126.9438324
3867929796,37.5440999,126.9437944
3867929798,37.5441205,126.9397593
3867929800,37.5441589,126.9397208
3867929808,37.5442113,126.9409607
3867929809,37.5443216,126.9499272
3867929810,37.5442322,126.9413392
3867929813,37.5443225,126.9390668
3867929816,37.5443551,126.9403511
3867929820,37.5444279,126.9400382
3867929821,37.5444534,126.9393824
3867929822,37.544454,126.9396979
3867929823,37.544459,126.940574
3867929824,37.5444649,126.9411437
3867929830,37.544757,126.9396845
3867929832,37.5447796,126.9400764
3867929834,37.5448099,126.9391502
3867929839,37.5449486,126.947183
3867929840,37.5449739,126.9447852
3867929844,37.5451471,126.9445152
3867929847,37.5452291,126.9450602
3867929849,37.5452795,126.9395518
3867929851,37.5454376,126.9452832
3867929854,37.5455638,126.9449566
3867929855,37.5455997,126.9406109
3867929856,37.5456265,126.9437571
3867929857,37.5456209,126.9447858
3867929858,37.5456662,126.9407317
3867929859,37.5456705,126.9412478
3867929866,37.5458602,126.9410735
3867929867,37.5458704,126.943144
3867929869,37.5459698,126.9428115
3867929871,37.546164,126.9429811
3867929885,37.5461754,126.943218
3867929886,37.5461166,126.9458072
3867929891,37.5462686,126.9408315
3867929892,37.5463184,126.9404951
3867929893,37.5463308,126.9440718
3867929904,37.546547,126.942007
3867929922,37.5468189,126.9411852
3867929931,37.5470797,126.9423781
3867929937,37.5472348,126.9416798
3867929940,37.5472737,126.9413542
3867929943,37.547332,126.9427005
3867929946,37.5475182,126.9415761
3868066159,37.5422062,126.9330394
3868066160,37.54226,126.9341664
3868066188,37.5425542,126.9320534
3868066200,37.5427342,126.9338052
3868066207,37.5428417,126.9364189
3868066220,37.5430387,126.932198
3868066248,37.5434674,126.9300582
3868066269,37.5437958,126.9298053
3868066270,37.5437998,126.9339679
3868066275,37.5438213,126.9342075
3868066276,37.5438288,126.9334773
3868066277,37.5438288,126.9336196
3868066286,37.5439396,126.9338624
3868066287,37.5439455,126.9328723
3868066288,37.5439458,126.9303718
3868066293,37.5439808,126.9345093
3868066302,37.5440992,126.9342166
3868066304,37.5441249,126.9337089
3868066312,37.5442708,126.9322664
3868066313,37.5442738,126.9371822
3868066317,37.5442861,126.9371136
3868066318,37.5443405,126.9387171
3868066319,37.5443637,126.9367974
3868066323,37.5444005,126.9342265
3868066328,37.5444782,126.9329032
3868066329,37.5444852,126.9324204
3868066332,37.5445212,126.9334464
3868066338,37.5445631,126.9348333
3868066340,37.5445669,126.9324644
3868066344,37.5445905,126.9345007
3868066346,37.5446203,126.9389765
3868066351,37.5446641,126.9342352
3868066352,37.5446984,126.9372483
3868066358,37.5447625,126.9338306
3868066360,37.5447742,126.936976
3868066361,37.5447837,126.9379616
3868066363,37.5448043,126.9357218
3868066364,37.5448334,126.935353
3868066367,37.5448417,126.9333509
3868066375,37.5449153,126.9307422
3868066376,37.5449311,126.9350847
3868066380,37.5449448,126.9376903
3868066381,37.5449564,126.9388112
3868066383,37.5449844,126.9321222
3868066385,37.5450329,126.9346537
3868066400,37.5452222,126.9335872
3868066406,37.5453374,126.9330746
3868066410,37.5451038,126.9375339
3868066412,37.5453901,126.9359412
3868066417,37.5454101,126.9357459
3868066418,37.5454137,126.9349741
3868066424,37.5454869,126.9342529
3868066425,37.545447,126.9396983
3868066434,37.5455682,126.9369967
3868066436,37.5455833,126.9375811
3868066445,37.5456308,126.935664
3868066447,37.5456396,126.9357933
3868066450,37.5456581,126.936999
3868066460,37.5457097,126.9379044
3868066466,37.545727,126.9350716
3868066468,37.5457656,126.9347989
3868066474,37.5458042,126.9383403
3868066476,37.5458077,126.9330279
3868066479,37.5458238,126.9358534
3868066486,37.5458477,126.9329102
3868066493,37.5459066,126.9310191
3868066503,37.5459945,126.9355559
3868066507,37.546071,126.9382554
3868066508,37.5460728,126.9359346
3868066510,37.5460891,126.9331391
3868066516,37.5461227,126.9351896
3868066519,37.5461277,126.935726
3868066524,37.546149,126.9390843
3868066526,37.5461618,126.9349039
3868066531,37.5462003,126.9387455
3868066538,37.5462303,126.9380366
3868066541,37.5462585,126.9395667
3868066557,37.5464503,126.9380773
3868066559,37.5464658,126.93841
3868066562,37.5464922,126.9370326
3868066574,37.5467835,126.9382927
3868066575,37.5467981,126.9402303
3868066582,37.5469095,126.9388313
3868066584,37.5469563,126.933624
3868066587,37.5469752,126.9339623
3868066589,37.5469985,126.9383075
3868066598,37.5471851,126.9343
3868066603,37.5472177,126.9338076
3868066609,37.547263,126.9387882
3868066610,37.5472783,126.9348295
3868066611,37.5473109,126.9381523
3868066618,37.5474208,126.9338161
3868066626,37.5475632,126.9381986
3868066635,37.5476747,126.9389304
3868066655,37.5478459,126.939634
3868066657,37.5478878,126.9395847
3868066666,37.54808,126.9415733
3868066672,37.5483763,126.9386392
3868066673,37.5483584,126.9405179
3868066674,37.5485034,126.9406206
3869599476,37.5451912,126.9229238
3869599483,37.5453251,126.9238464
3869599484,37.5452136,126.923466
3869599486,37.5453739,126.9236267
3869599487,37.5459789,126.9232167
3869599499,37.5450158,126.9244721
3869599500,37.5459312,126.923714
3869599502,37.5456881,126.9237312
3869599503,37.5456046,126.9233355
3869599507,37.5458424,126.9237044
3869599512,37.54573,126.9267
3869599516,37.5457847,126.9259475
3869599531,37.5451821,126.9252863
3869599536,37.5459667,126.9252057
3869599537,37.5455789,126.9249459
3869599538,37.5456029,126.9252377
3869599539,37.5455661,126.9254877
3869599540,37.5455255,126.925245
3869599546,37.5476778,126.9260545
3869600264,37.546985,126.9285964
3869600265,37.5467193,126.9287732
3869600266,37.5471129,126.92894
3869600267,37.5467852,126.9290625
3869600268,37.5471947,126.927898
3869600269,37.547026,126.9278568
3869600272,37.547565,126.9285956
3869600274,37.5470542,126.9287824
3869600275,37.5474138,126.9276899
3869600276,37.5473887,126.9283241
3869600318,37.5460947,126.9243194
3869600319,37.545896,126.9243244
3869600328,37.545689,126.9275357
3869600334,37.5456457,126.928459
3869600349,37.5469968,126.9229562
3869600353,37.5477437,126.9238009
3869600357,37.5465965,126.9232136
3869600361,37.5455987,126.9263853
3869600364,37.5451358,126.9267546
3869600366,37.5448549,126.9268545
3869600367,37.544525,126.9270661
3869600378,37.5467456,126.9303689
3869600379,37.5469605,126.9302326
3869600381,37.5467949,126.9299246
3869600382,37.5473268,126.9298298
3869600384,37.5474975,126.9306545
3869600388,37.5472632,126.9312424
3869600428,37.5481719,126.9305629
3869600429,37.5478482,126.9303482
3869600481,37.5487807,126.9426945
3869600485,37.5487739,126.9432604
3869600486,37.5485003,126.9424486
3869600488,37.5479233,126.9426393
3869600490,37.5481472,126.9421813
3869600500,37.5470403,126.9442301
3869600502,37.5478357,126.9440689
3869600505,37.5470733,126.944702
3869600512,37.5481093,126.9454467
3869600513,37.548232,126.9457203
3869600515,37.5477407,126.9461474
3869600516,37.5477236,126.9454394
3869600518,37.5477077,126.9460801
3869600524,37.5471862,126.9468912
3869600528,37.5472577,126.9466443
3869600530,37.5479207,126.9465906
3869600541,37.5489538,126.9455836
3869600543,37.5487001,126.9445204
3869600548,37.5495052,126.9452743
3869600549,37.549068,126.9450897
3869600550,37.5486616,126.9446676
3869600554,37.5480071,126.9445762
3893042410,37.5581909,126.9620924
3917352219,37.5635864,126.9033291
3967124565,37.5485784,126.9540881
3967124569,37.5501952,126.9549513
3967124570,37.5503661,126.9543832
3991035409,37.5545417,126.9573664
3991035410,37.5490143,126.9543208
3991035411,37.5468936,126.9533341
3991035412,37.5450525,126.951996
4057789165,37.5362103,126.950929
4057789359,37.5378685,126.9534199
4065497954,37.5723053,126.9004145
4100639084,37.5682817,126.9054104
4103448487,37.5708183,126.9037574
4103448590,37.5712345,126.9056638
4121393430,37.5537168,126.9345432
4151464753,37.5696787,126.9112867
4173928372,37.5552065,126.9205712
4173928373,37.5558022,126.9198792
4195608385,37.5640566,126.9072491
4208689745,37.555598,126.9192072
4257976240,37.5594832,126.9161682
4257976241,37.5589586,126.9150811
4257987741,37.5586676,126.9152973
4257992292,37.5586471,126.9141525
4257999690,37.5592251,126.913899
4257999691,37.5578023,126.9142721
4258002990,37.5566715,126.9169138
4258003040,37.5575185,126.9162388
4258003041,37.556884,126.914996
4258003048,37.5570629,126.9153538
4258003049,37.5562373,126.9159782
4258004203,37.557211,126.9156473
4258004204,37.5563757,126.9162762
4309638164,37.5546635,126.9038639
4309655467,37.556004,126.9034249
4309664863,37.5553338,126.9036398
4310010416,37.5572826,126.9146752
4311903758,37.5557142,126.9020433
4421755483,37.5527939,126.9365585
4421755486,37.5536863,126.9354977
4426326194,37.5524034,126.9216439
4493459424,37.5350439,126.9435208
4493459427,37.5351644,126.9435171
4501707749,37.5433516,126.9524809
4501707754,37.5439705,126.951882
4501707763,37.5446646,126.9494297
4505415647,37.5585511,126.9270352
4505415661,37.5589733,126.9262534
4505415665,37.5586546,126.926027
4507373525,37.5357436,126.9462588
4552468315,37.5543442,126.9329685
4552468316,37.5544416,126.9328959
4586427230,37.5708163,126.906259
4586427234,37.5699839,126.9066582
4586427235,37.5698627,126.9066742
4586427236,37.571004,126.9054413
4586427240,37.5708766,126.9058241
4586427251,37.5719286,126.9063387
4586427263,37.5728751,126.9035754
4586427264,37.5734056,126.9041251
4586447576,37.5840183,126.8807501
4586447577,37.5827784,126.8795892
4586448292,37.5848878,126.8792731
4586448300,37.5877545,126.8829236
4587509349,37.5755823,126.896196
4587537387,37.5771915,126.8951076
4587538890,37.5770244,126.8959869
4587546345,37.5767752,126.8986428
4588003022,37.5729628,126.902159
4588037274,37.5669619,126.9070718
4588134433,37.563709,126.9132166
4588139367,37.561939,126.9156691
4588152151,37.5641557,126.9230162
4588152152,37.5648729,126.9224413
4588152153,37.5635467,126.9218118
4588152155,37.5631421,126.928087
4588152156,37.564348,126.9266187
4588152157,37.563507,126.9256666
4590051132,37.559121,126.9182124
4590068789,37.5596342,126.9265577
4590068790,37.5600419,126.9253709
4590068791,37.5608455,126.9258483
4590068792,37.5647722,126.9242098
4590073322,37.5633615,126.9270196
4590085411,37.5638029,126.9244956
4590085412,37.5640471,126.9239048
4590085413,37.5645119,126.9217424
4590190141,37.5560653,126.9303364
4590190142,37.5566134,126.9307241
4590191560,37.5551616,126.9326346
4590191561,37.554845,126.932672
4590191568,37.5534184,126.9340562
4590204408,37.5545173,126.9331141
4590204409,37.5548954,126.9333313
4590220009,37.5502943,126.9317678
4590220011,37.5506469,126.9311686
4590220013,37.5508781,126.9309604
4590220014,37.5492877,126.9303475
4590220016,37.550029,126.931381
4590220018,37.5500603,126.9307456
4590220021,37.549426,126.9305574
4591160727,37.5472815,126.9307775
4591173460,37.544472,126.9363288
4591173461,37.5445552,126.9360254
4591183287,37.5437863,126.9359937
4591196122,37.5462887,126.938601
4591208013,37.5450404,126.9402941
4591208014,37.5464015,126.9414597
4591214696,37.5432402,126.9389173
4591227565,37.5440111,126.9391416
4591227566,37.5438258,126.9400764
4591233019,37.5403816,126.9409875
4591242520,37.5398063,126.9445847
4591258863,37.5439956,126.9465035
4591258864,37.5407823,126.9414706
4591258865,37.5429572,126.9473132
4591258866,37.5424739,126.9467481
4591258867,37.5423128,126.9486099
4591306221,37.5462911,126.9418153
4591306226,37.5453198,126.9511875
4591390418,37.5498324,126.9469672
4591390419,37.5489215,126.9477065
4591390420,37.5501217,126.9482976
4591403281,37.555825,126.9523365
4591406680,37.5524526,126.9503434
4591424995,37.5572293,126.9544198
4591424996,37.5523831,126.9560563
4591424997,37.5494256,126.9539204
4591424998,37.5492578,126.9544508
4591432393,37.5565907,126.9499
4591432394,37.5543899,126.9459004
4591432395,37.5534217,126.9459204
4591440913,37.5542493,126.9503305
4591440914,37.5550921,126.9499492
4591440915,37.5557907,126.9499316
4591442595,37.5566355,126.9520217
4591461844,37.5564841,126.9499026
4591461847,37.5561586,126.9505785
4591461848,37.5561377,126.9520711
4591461849,37.5561391,126.9520594
4591461852,37.5552035,126.9519434
4591461853,37.5553175,126.9518405
4591461854,37.5556213,126.9524974
4591461859,37.5567038,126.9532522
4591461860,37.5562974,126.9550097
4591461862,37.5566076,126.9548571
4591461863,37.5564217,126.9544901
4591488583,37.5569652,126.9544432
4591488586,37.5569612,126.9553278
4591488587,37.5568383,126.9553476
4591488789,37.5572853,126.9553388
4591488790,37.5558291,126.9470843
4591488791,37.5558071,126.9477559
4591488792,37.5553306,126.9477552
4591488793,37.5563948,126.9475281
4591488795,37.5560494,126.9479614
4591488796,37.5564465,126.9485282
4591488797,37.5557966,126.9493722
4591663326,37.5483308,126.9343401
4591663738,37.5484896,126.9327289
4591663748,37.5500071,126.9335299
4591663749,37.5492152,126.933369
4591663750,37.5484286,126.9330788
4591663751,37.5488298,126.9332268
4591663752,37.5488793,126.9327883
4591679942,37.5473943,126.9348166
4591679943,37.5476968,126.9350427
4591679946,37.5484445,126.934978
4591679947,37.5481016,126.9352193
4591679949,37.5487123,126.9352733
4591679953,37.5473675,126.9358307
4591702787,37.5523266,126.9332094
4591716533,37.5501795,126.9360732
4591716537,37.5498047,126.9372928
4591716540,37.550493,126.9364653
4591716541,37.5497935,126.9374323
4591716542,37.5503142,126.9373533
4593447213,37.5555221,126.9516559
4593688974,37.5395042,126.9492739
4593688980,37.5410265,126.952648
4593688981,37.5415402,126.9529198
4593688987,37.5416535,126.95346
4593688988,37.5412953,126.9527857
4593688990,37.5413763,126.9541785
4593688991,37.5407368,126.9529761
4593688992,37.5407781,126.9543688
4593694685,37.5404817,126.9534587
4593695165,37.5409124,126.9509789
4593695166,37.5413745,126.9514428
4593695167,37.5416118,126.9516393
4593695168,37.5418828,126.9508348
4593695169,37.5415058,126.9508423
4593695171,37.541832,126.9518176
4593695175,37.5408143,126.9522889
4593695176,37.5411313,126.9511985
4593695177,37.5405728,126.9519097
4593695180,37.5408446,126.9528497
4593695184,37.5418373,126.9508357
4593766429,37.5569556,126.961618
4593766430,37.5575793,126.9618103
4593766432,37.5582114,126.9609582
4593779238,37.5566869,126.9612603
4593779240,37.5561904,126.9618718
4593779241,37.5564781,126.9621268
4593779244,37.5559209,126.9615001
4593779247,37.5560831,126.9613806
4593779251,37.5554209,126.9607799
4593779252,37.5543449,126.9609272
4593779253,37.5543375,126.9611397
4593779260,37.555427,126.9618514
4593779264,37.5539245,126.9612816
4593791014,37.5541606,126.9609733
4593791017,37.5538483,126.9601046
4593791018,37.5540333,126.9598295
4593791020,37.5533681,126.9606065
4593791021,37.55401,126.9590458
4593791022,37.5549005,126.958913
4593817590,37.5534211,126.9601905
4593817591,37.553549,126.9604195
4593817613,37.5526741,126.9564015
4593828139,37.549859,126.9562169
4593828140,37.5504218,126.9564918
4593828142,37.5501285,126.9563486
4593828144,37.5507751,126.9554756
4593828145,37.5504596,126.9552996
4593828146,37.5486084,126.955634
4593833801,37.5514789,126.9579691
4593833810,37.5461513,126.9543498
4593833811,37.5482083,126.9547323
4593833814,37.5484629,126.9555591
4593833815,37.5473697,126.9536754
4593833816,37.5470465,126.9548641
4593834204,37.5460295,126.9554554
4593834205,37.5462962,126.9548327
4593841124,37.5422058,126.9570013
4595156238,37.5485365,126.9573947
4595156251,37.5480361,126.960587
4595156252,37.5491055,126.9585708
4595156258,37.5485471,126.958829
4595156260,37.5484174,126.9592726
4595156261,37.549584,126.9610908
4595170426,37.5455503,126.9561344
4595170427,37.5448206,126.9524885
4595170428,37.5451619,126.954618
4595276538,37.5490084,126.9630984
4600102371,37.5479226,126.9440984
4600113270,37.5469791,126.9469905
4600113272,37.5473565,126.9468982
4600122537,37.5500657,126.9442123
4600122539,37.5497286,126.9442383
4600122542,37.5492135,126.9438641
4600127196,37.5495912,126.9444441
4600127199,37.5491492,126.9444897
4600127203,37.5498802,126.9446508
4613041873,37.5450907,126.946048
4630901213,37.5584051,126.9237879
4630968172,37.5775575,126.8899429
4630968173,37.5764505,126.8916585
4630968695,37.577021,126.8907672
4630968697,37.5754743,126.8891745
4632008587,37.5517657,126.9367617
4632067413,37.5541856,126.9364167
4632069212,37.5531459,126.9346394
4632069939,37.5534192,126.9377977
4632072866,37.5527593,126.9351525
4632072867,37.5531697,126.9358386
4632077002,37.5525731,126.9362097
4632077004,37.5519954,126.9361668
4634045560,37.5507871,126.9440655
4634045561,37.5523905,126.9451155
4634045564,37.5525344,126.9451922
4634390382,37.5579797,126.9031457
4634390383,37.5583138,126.903892
4634390513,37.5566693,126.899022
4639073687,37.5456083,126.9530619
4639073688,37.5451127,126.9541959
4639074489,37.5457979,126.9525408
4639074492,37.5480632,126.9531495
4639550027,37.5533218,126.9349188
4639550704,37.5528608,126.9353222
4639613808,37.5526861,126.9363883
4639613809,37.5522551,126.9362291
4639613846,37.5533748,126.9364852
4639613911,37.5515818,126.937247
4641454018,37.5472675,126.9586291
4645239942,37.5465535,126.9309324
4645311617,37.5524603,126.9366176
4656545971,37.5542846,126.9581826
4656545972,37.556118,126.9582732
4656545982,37.5549568,126.9597968
4658255223,37.5396869,126.9517392
4658609956,37.5547681,126.9305223
4658609958,37.5549918,126.9306097
4658612524,37.5547208,126.9313153
4658612526,37.5550719,126.9312198
4658637656,37.5534975,126.9299089
4658637663,37.5520731,126.9310209
4661321216,37.5478615,126.9536904
4664104634,37.5539988,126.9390096
4664104638,37.5550707,126.9385243
4672180671,37.5715696,126.9069694
4673980921,37.5638186,126.9030652
4674568024,37.5724022,126.9055412
4674568025,37.5725091,126.9056616
4674568028,37.5692731,126.9041787
4674668606,37.5603276,126.9238927
4674668607,37.5605928,126.9241803
4674810937,37.5718503,126.9049196
4674893114,37.5406942,126.9490673
4674909971,37.5394558,126.9487844
4677723252,37.5395296,126.9492159
4677723254,37.5388503,126.9487751
4677757273,37.5404355,126.9469597
4677757276,37.539317,126.9487628
4677757278,37.5392253,126.9474764
4677757291,37.5385855,126.9474502
4677757292,37.538573,126.9476777
4677761283,37.5376604,126.9487248
4677769428,37.5380387,126.9482045
4677769434,37.5380331,126.9483026
4679926799,37.5644219,126.890578
4681926739,37.5691678,126.8856714
4681926741,37.5691914,126.8859861
4681926743,37.5628849,126.8875793
4681957524,37.5687231,126.8867432
4683091426,37.544896,126.9306846
4683091428,37.5445568,126.9297762
4684562294,37.5625464,126.8868661
4684562296,37.5619217,126.8876731
4686032109,37.5448072,126.9303206
4688584730,37.5699719,126.8809823
4695045503,37.5741704,126.8675667
4695045504,37.575703,126.8645741
4695045520,37.5769049,126.8671026
4700488789,37.538935,126.9462119
4700488791,37.5384442,126.946231
4700488792,37.5377383,126.9462037
4700488793,37.5382702,126.9460842
4700488796,37.5380389,126.9448825
4700488797,37.5383792,126.9444097
4700488800,37.537128,126.9450184
4700488801,37.5373369,126.9446811
4700488803,37.537888,126.9446988
4700488804,37.5404589,126.9517833
4700488807,37.5407951,126.9516267
4700488811,37.5407083,126.9521162
4927966759,37.5565499,126.9263178
4927966771,37.5561803,126.9250257
5046224743,37.566198,126.9151329
5046224744,37.5666188,126.9158866
5046224745,37.5671465,126.9166028
5046224751,37.5671788,126.9163045
5054206125,37.5438855,126.9383642
5054206130,37.5434159,126.938544
5076887880,37.5661852,126.9218642
5076887885,37.5648301,126.922361
5076887886,37.5641162,126.9229393
5076887888,37.5633319,126.9235807
5076887892,37.5623268,126.9243761
5076887893,37.5624259,126.9244258
5102323467,37.5619621,126.8990316
5102323468,37.5619662,126.8989032
5104926204,37.5489481,126.9386118
5104926205,37.5483752,126.9371154
5104926206,37.5486673,126.9378865
5104926207,37.5485064,126.937981
5104926209,37.5481953,126.9380071
5104926210,37.5482482,126.938204
5104926217,37.5480476,126.9389276
5104926218,37.5488329,126.9383142
5104926219,37.5498185,126.9371216
5104927721,37.5497806,126.9367739
5104927722,37.5492087,126.9370658
5104927723,37.5493526,126.9374284
5104927724,37.5495512,126.9380676
5104927725,37.5493175,126.9374515
5128158446,37.5481448,126.9401497
5164626645,37.5491301,126.9368608
5168879192,37.536598,126.9410525
5215341446,37.5488385,126.9133392
5221755921,37.5510983,126.9367155
5224107317,37.5481333,126.9358578
5224107319,37.5482874,126.9362132
5235827850,37.5501903,126.9440581
5235961951,37.5518713,126.9332169
5293251485,37.54904,126.9361701
5293251488,37.5495222,126.9361351
5293251538,37.5494192,126.9351889
5293251539,37.5490674,126.9356648
5294397120,37.5707476,126.873091
5294398232,37.5707018,126.8727293
5338321810,37.5469775,126.9370534
5338321816,37.5465692,126.9370359
5478901855,37.554518,126.9095212
5502397473,37.5474888,126.930988
5587181199,37.5671813,126.8943089
5587181200,37.5680641,126.8930927
5587609552,37.5546395,126.942235
5703054986,37.5642547,126.8839841
5703054993,37.5683192,126.8760728
5703054996,37.5679614,126.877494
5703055020,37.5700978,126.8737962
5703055122,37.5694786,126.8742954
5749123744,37.5623899,126.9243855
5756843235,37.5663757,126.9185708
5761677964,37.5569304,126.9281502
5803686150,37.5534544,126.9182067
5811347240,37.557976,126.9266448
5863307814,37.5573115,126.9596375
5887231074,37.554718,126.9364636
5908407286,37.5449454,126.9256132
5913890755,37.5461951,126.9314574
6048920023,37.5485718,126.9316655
6048920026,37.5492249,126.9320637
6048920028,37.5492594,126.9318912
6048920029,37.5501514,126.9321839
6048920031,37.550354,126.932257
6048920034,37.551648,126.9328963
6048920035,37.5516632,126.9327294
6048920038,37.5520117,126.9330409
6048920040,37.5515334,126.9326826
6048920041,37.5510066,126.9329932
6048920044,37.551341,126.9327908
6271015626,37.5592131,126.9138442
6271015631,37.5598843,126.9133304
6273487914,37.5611953,126.9177994
6427444567,37.5574217,126.921008
6441775705,37.5618811,126.9272061
6453457167,37.5630983,126.9104717
6454486856,37.5636502,126.9060543
6454516406,37.5639062,126.9073406
6583346926,37.5592169,126.8962651
6584019687,37.5574843,126.9029292
6585518418,37.5551084,126.9109734
7068970634,37.5572476,126.9592665
7069002636,37.5443091,126.95118
7069023714,37.555781,126.9347249
7069047606,37.557202,126.9310853
7069047644,37.5560421,126.9339735
7274291701,37.5743562,126.9024964
7274291705,37.5752742,126.9016053
7281578349,37.5734292,126.8987946
7296340120,37.5686193,126.9107786
7296374859,37.5371168,126.9460707
7298467870,37.5529715,126.9446974
7298467871,37.5522548,126.9453201
7298467873,37.5524902,126.9449642
7298467875,37.5564342,126.9520397
7330728433,37.5533831,126.9430009
7366071876,37.5613134,126.8900174
7366088086,37.560483,126.8908961
7366088090,37.560397,126.8913439
7366088099,37.5627214,126.8895705
7495846705,37.5624309,126.8893517
7777280836,37.5664456,126.9160104
7777280841,37.5666393,126.9164953
7966875815,37.5548396,126.9450233
7966875819,37.5544225,126.9450973
8087279215,37.5646871,126.890947
8087288524,37.5594946,126.8869023
8118928946,37.5451579,126.9560752
8118928953,37.544674,126.9551131
8118929026,37.5472641,126.9580698
8365211870,37.5502681,126.9287074
8383046649,37.5516542,126.9607715
8383046650,37.5515608,126.9606062
8383046652,37.5515535,126.9604737
8383046654,37.5512359,126.9607078
8383046655,37.5514265,126.9609821
8383046657,37.5519212,126.9589357
8383073842,37.5522272,126.9570618
8383073843,37.5527762,126.9570435
8383098864,37.5569703,126.9592348
8383098865,37.5566813,126.9599108
8383098866,37.5568397,126.9595403
8383098869,37.5562564,126.959337
8383108586,37.5559789,126.9596123
8383159944,37.5552896,126.9525921
8383159947,37.5555616,126.9526652
8383159954,37.5553485,126.9525671
8383159994,37.5558097,126.954745
8383159995,37.555746,126.9545837
8383159996,37.5541391,126.9555794
8383159997,37.5540873,126.9553224
8383160044,37.5525953,126.9541876
8383184559,37.5542384,126.9524267
8383184562,37.5540054,126.9527
8383184612,37.5524497,126.9539163
8383184613,37.5524764,126.9536984
8385741221,37.5551544,126.9430745
8385741222,37.5552096,126.9433364
8385742988,37.5548381,126.948416
8385742990,37.5524438,126.9489859
8385802681,37.5473539,126.9562639
8385963129,37.5464536,126.9591675
8385963130,37.5463241,126.9590574
8386067116,37.537483,126.9498639
8386067118,37.5373698,126.9499297
8386067260,37.5419159,126.9427181
8386067261,37.541771,126.9429531
8386067262,37.5424901,126.9433455
8386067263,37.5424136,126.9434628
8386067265,37.5411648,126.9438521
8386085961,37.5430473,126.9424621
8386085962,37.5429517,126.942513
8386085964,37.5420075,126.9428139
8386085966,37.5423091,126.9424175
8386121756,37.5459364,126.9429233
8386121758,37.5444293,126.941195
8456439801,37.5814367,126.8786734
8456439808,37.5840718,126.8793923
8456439811,37.5845139,126.8791161
8456439813,37.5842036,126.8790295
8456454249,37.5838964,126.8790961
8456454250,37.583667,126.8790569
8456568448,37.5832522,126.8820556
8457269841,37.5852211,126.8848174
8457269846,37.5846927,126.8848775
8457322986,37.5830034,126.8825096
8457322992,37.582965,126.8815434
8457322993,37.5830714,126.881452
8457322997,37.5835376,126.8815672
8457323001,37.5835963,126.8823283
8458097648,37.5689203,126.8801666
8460119033,37.5738488,126.8991749
8460119045,37.5737018,126.8982908
8460119046,37.573082,126.899297
8460119051,37.5730573,126.898487
8463148494,37.5446497,126.9255662
8463187835,37.5455693,126.9314378
8474668160,37.5485737,126.908921
8477550513,37.550006,126.9333945
8477568355,37.5501053,126.9329711
8477568358,37.5500054,126.933251
8477574118,37.5497833,126.9329263
8477575613,37.548477,126.9318152
8477575614,37.548082,126.9326667
8477625990,37.5421806,126.9340888
8477625998,37.5421641,126.9342604
8477772806,37.5567244,126.9461307
8477772809,37.5564273,126.9458624
8477807825,37.5498732,126.9436529
8477807829,37.5500202,126.9434351
8478367051,37.5573172,126.9558622
8478367052,37.5573389,126.9565241
8481414780,37.554623,126.9401658
8481414781,37.5554842,126.9397339
8482200332,37.5543757,126.9123679
8482716297,37.5568662,126.9484584
8482716303,37.5564217,126.9480489
8482782941,37.5443268,126.9514291
8482803660,37.5495917,126.9548565
8482803661,37.549655,126.9546629
8526791544,37.5596849,126.8868286
8536553324,37.5388455,126.9450497
8537159256,37.5536047,126.9346183
8537159257,37.5533893,126.934316
8537159258,37.552954,126.9337766
8548260203,37.556052,126.9458694
8548802104,37.5644765,126.9025695
8548802106,37.56378,126.9032251
9001157028,37.565445,126.891502
9001157030,37.5654098,126.8915889
9030497570,37.5614927,126.8879882
9030497577,37.5601075,126.8921828
9061486050,37.5585506,126.8949229
9061486051,37.5570309,126.8940549
9282393208,37.5531344,126.9337153
9282393213,37.5583347,126.9255789
9282393215,37.5584675,126.9257529
9282595663,37.5585639,126.9262431
9282595674,37.558327,126.9276476
9282595675,37.5579242,126.928748
9282595680,37.5570807,126.9519806
9282595688,37.556923,126.9493906
9282595689,37.5569503,126.949839
9282595690,37.5570189,126.9509655
9283051945,37.5574267,126.9300927
9283051946,37.5570803,126.9310175
9283051947,37.5552298,126.9362942
9283051948,37.5568539,126.9316417
9283051950,37.5564511,126.9327965
9283051952,37.5559339,126.9342848
9283051953,37.5558559,126.9345093
9283051954,37.5557568,126.9347946
9283051955,37.555642,126.9351248
9283051956,37.5555933,126.9352652
9283051963,37.5569637,126.9317242
9283051975,37.556726,126.9320056
9283051976,37.5570038,126.9312217
9283051982,37.5571216,126.931301
9283051984,37.5567459,126.9464839
9283138041,37.5566847,126.9454797
9283138042,37.5567077,126.9458567
9283138049,37.5565296,126.9429176
9283138063,37.5556549,126.9389425
9283138064,37.556027,126.9400532
9283138065,37.5563867,126.9411265
9283138067,37.5553124,126.9379203
9283138073,37.5545935,126.9360562
9283138074,37.5548142,126.9364033
9283138079,37.5553637,126.9358991
9283138081,37.5551344,126.9373892
9283138088,37.5539695,126.9352236
9283138089,37.5545038,126.9361255
9283138093,37.5549028,126.9368459
9283138094,37.5540708,126.9351305
9283138095,37.5541807,126.9353115
9283138101,37.5540955,126.9354429
9301802433,37.5587589,126.926833
9301802434,37.5587716,126.9267144
9301802435,37.5587746,126.9265985
9379611609,37.5537637,126.9324366
9379611610,37.5534516,126.9320563
9468334143,37.5551024,126.9368628
9612447286,37.5386458,126.9410465
9913596038,37.5580372,126.8947703
9941778074,37.5439898,126.9506899
9941778083,37.5434438,126.950813
9941778085,37.543652,126.951073
9941778086,37.5437627,126.9512117
9941778092,37.5436737,126.9514109
9941864266,37.5444988,126.9540073
9941864273,37.5441468,126.9520715
9941864274,37.5441752,126.9521962
9941864289,37.5439277,126.9511799
9941864291,37.5438527,126.9509985
9941864292,37.5437655,126.950854
9941864294,37.5440192,126.9512341
9941864299,37.5438434,126.9513699
9943951274,37.5444748,126.9545584
9943951294,37.5423106,126.9547624
9944378196,37.5547978,126.9365196
9946440068,37.5491837,126.9390428
9946440072,37.5484323,126.94057
9946440073,37.5480138,126.9415177
9958202167,37.5544262,126.9369763
9958202170,37.5530907,126.937187
9958202172,37.554243,126.9369949
9958202173,37.55344,126.9371216
9958202175,37.5527843,126.9372345
9958202176,37.5525991,126.9372651
9958202179,37.5519952,126.937406
9958202192,37.5515794,126.9375301
9958202194,37.5513774,126.9375895
9958232717,37.5501908,126.9381999
9958232723,37.5501408,126.9383627
9987494194,37.5444272,126.9500026
9987494196,37.5478974,126.941951
9987494198,37.5448832,126.948927
9987494212,37.5459506,126.9464483
9987494216,37.5460738,126.9461627
9987526919,37.5464764,126.9452294
9987526923,37.5462821,126.94568
9987526927,37.5469645,126.9440979
9987526930,37.5471476,126.9436735
9987526932,37.5475996,126.9426258
9987526933,37.547491,126.9428774
9987526934,37.5477663,126.9422393
9987526935,37.5476953,126.9421835
9987526936,37.54743,126.9427925
9987526937,37.5442002,126.9506002
9987573960,37.5448226,126.9515512
9987573965,37.5454119,126.9512571
10057773564,37.5369308,126.9420555
10099008029,37.5564366,126.9609331
10155915475,37.5454313,126.9558475
10155915480,37.5473966,126.958059
10155915486,37.544742,126.9550344
10155915489,37.5457898,126.9562793
10155915492,37.5457266,126.9563522
10155915496,37.5472152,126.9578555
10156103097,37.5440308,126.950992
10156103098,37.543575,126.951975
10156195524,37.5476149,126.9584914
10156195530,37.5474457,126.9582881
10156195533,37.5487644,126.9596901
10156195556,37.5513208,126.962287
10156195558,37.5476829,126.9584019
10156195562,37.5499771,126.9603079
10156195566,37.5508507,126.9616545
10705638528,37.5430704,126.9530973
10705638530,37.5420753,126.9552782
10705958854,37.5433018,126.9525901
10705958857,37.5431728,126.9525234
10705958858,37.5425845,126.9538177
10705958861,37.5427065,126.9538948
10705958862,37.541851,126.9554317
10705958865,37.5419728,126.9555029
10705958872,37.5416867,126.956073
11080341312,37.5549636,126.9367902
11080341314,37.5550576,126.9368554
11080341315,37.555007,126.9367428
11080341316,37.5549667,126.9369743
11187794345,37.5634131,126.8858249
11187794347,37.5646305,126.8837564
11688752940,37.5482249,126.9103711
11688752945,37.5491768,126.9133821
11688752946,37.5492228,126.9134664
11688752947,37.5492866,126.9135849
11688752955,37.5526881,126.9182099
11688752961,37.5551391,126.9215848
11689066377,37.558567,126.927018
11689066385,37.5569967,126.9313161
11689066386,37.5568746,126.9316573
11689066396,37.5550864,126.936995
11689066406,37.5565467,126.9429167
11689066410,37.5567256,126.9458564
11689066418,37.5573806,126.9561922
11703439232,37.5579211,126.9612617
11707228307,37.5692374,126.8952217
11707228308,37.5692835,126.8949994
11707228309,37.569766,126.8954727
11707228318,37.5697147,126.8955489
11707228322,37.568075,126.8941446
11707228323,37.5677187,126.8935336
11707228324,37.5675854,126.8937165
11707228325,37.5667853,126.8926766
11707228326,37.5673117,126.8931577
11707228327,37.5671729,126.8933343
11707452269,37.5740322,126.8995267
11707452270,37.5730242,126.8986025
11730835905,37.5681306,126.8939354
11841458476,37.553146,126.9295799
12108187389,37.5420835,126.9563665
12108187390,37.5418895,126.9567382
12108204069,37.541917,126.9562175
12108204070,37.5417243,126.9566019
12234342176,37.5572776,126.9594647
12234342179,37.5572658,126.9593871
12372903348,37.5523471,126.9358248
12455462133,37.5428223,126.9175881
12455462142,37.545082,126.9113656
12707859730,37.5618656,126.9252004
12707859731,37.5614597,126.9252431
12777880799,37.5473484,126.9581711
12777900702,37.5474175,126.958084
12870016976,37.5528585,126.9373287
12870016980,37.5529858,126.9386849
12870435581,37.5544775,126.9477147
12918661106,37.5553419,126.9481712
12941988849,37.5472343,126.9570348
12941993277,37.5467756,126.9573835
12941993284,37.5475869,126.9565111
12941993309,37.5476902,126.956998
12941993310,37.5479747,126.9572623
12946155949,37.5833243,126.8819323
12946201293,37.58354,126.8824118
12946227317,37.5850016,126.8842473
12946227319,37.5849196,126.884399
12946252270,37.5858167,126.8856185
12985685518,37.5611974,126.898713
13039150470,37.545907,126.9560485
13039150471,37.5461945,126.9556046
13039176051,37.5447831,126.9550829
13039176053,37.5452103,126.955163
13039176054,37.5453979,126.954873
13039176055,37.5453724,126.9553756
13039176056,37.5455714,126.9550335
